broker_slug,broker,platform,gmt_offset,label
360-capital-ltd,360 Capital Ltd,MT4,3.0,UTC+3
4t-limited,4T Limited,MT4,0.0,UTC+0
aaafx-global-ltd,AAAFx Global Ltd,MT4,3.0,UTC+3
accm-intl-limited,ACCM Intl Limited,MT4,0.0,UTC+0
activmarkets-empresa-de-investimento-s-a,"ActivMarkets - Empresa De Investimento, S.A.",MT4,2.0,UTC+2
acy-securities-pty-ltd,ACY Securities Pty Ltd,MT4,3.0,UTC+3
adamant-stone-limited,Adamant Stone Limited,MT4,3.0,UTC+3
adfx-global-limited,ADFX Global Limited,MT4,3.0,UTC+3
admirals,Admirals,MT5,3.0,UTC+3
advanced-markets-ltd,Advanced Markets Ltd.,MT5,1.0,UTC+1
aglobe-investments-ltd,Aglobe Investments Ltd.,MT4,3.0,UTC+3
agra-markets-llc,Agra Markets LLC,MT4,3.0,UTC+3
al-salam-bank-b-s-c,Al Salam Bank B.S.C,MT4,2.0,UTC+2
alchemy-markets-ltd,Alchemy Markets Ltd.,MT4,3.0,UTC+3
alpari,Alpari,MT5,3.0,UTC+3
altair-inc-llc,Altair Inc LLC,MT4,3.0,UTC+3
alvar-financial-services-limited,Alvar Financial Services Limited,MT4,1.0,UTC+1
amana-capital,Amana Capital,MT4,3.0,UTC+3
amillex-global-ltd,Amillex Global Ltd,MT4,3.0,UTC+3
arena-trading-technology-pty-ltd,Arena Trading Technology Pty Ltd,MT4,3.0,UTC+3
assets-global-ltd,Assets Global Ltd,MT4,1.0,UTC+1
at-global-markets-llc,AT Global Markets LLC,MT4,3.0,UTC+3
audacity-global-limited,AudaCity Global Limited,MT4,0.0,UTC+0
auric-international-markets-ltd,Auric International Markets Ltd,MT4,3.0,UTC+3
aurora-explore-pty-ltd,Aurora Explore Pty Ltd,MT4,2.0,UTC+2
aus-commercial-limited,AUS Commercial Limited,MT4,0.0,UTC+0
ava-trade-ltd,Ava Trade Ltd.,MT5,0.0,UTC+0
avfx-technology-limited,AVFX Technology Limited,MT5,1.0,UTC+1
axiory-global-ltd,Axiory Global Ltd.,MT4,3.0,UTC+3
axitrader-llc,AxiTrader LLC,MT4,3.0,UTC+3
bank-al-etihad,Bank Al Etihad,MT4,0.0,UTC+0
bcm-markets-ltd,BCM Markets Ltd,MT4,0.0,UTC+0
benchmark-finance-ad,BenchMark Finance AD,MT4,3.0,UTC+3
beston-internet-technology-limited,Beston Internet Technology Limited,MT4,2.0,UTC+2
big-boss-holdings-company-limited,Big Boss Holdings Company Limited,MT4,3.0,UTC+3
big-solutions-company-limited,BIG Solutions Company Limited,MT4,3.0,UTC+3
black-bull-group-limited,Black Bull Group Limited,MT4,3.0,UTC+3
blackwell-global-investments-ltd,Blackwell Global Investments Ltd.,MT4,3.0,UTC+3
blackwell-global-precious-metals-limited,Blackwell Global Precious Metals Limited,MT4,3.0,UTC+3
blueberry,Blueberry,MT5,3.0,UTC+3
bmfn-pltd,BMFN PLTD,MT4,-4.0,UTC−4
broctagon-prime-markets-limited,Broctagon Prime Markets Limited,MT5,3.0,UTC+3
bullseye-markets-ltd,BullsEye Markets Ltd,MT4,3.0,UTC+3
ca-markets-global-limited,CA Markets Global Limited,MT4,3.0,UTC+3
capital-index-global-limited,Capital Index (Global) Limited,MT4,3.0,UTC+3
capital-investment-and-brokerage-jordan-ltd-co,Capital Investment and Brokerage - Jordan Ltd. Co.,MT4,3.0,UTC+3
capitalxtend-mauritius-llc,Capitalxtend (Mauritius) LLC,MT4,3.0,UTC+3
cardiff-global-markets-limited,Cardiff Global Markets Limited,MT4,3.0,UTC+3
cedra-market-invest-ltd,Cedra Market Invest Ltd.,MT5,3.0,UTC+3
central-clearing-ltd,Central Clearing Ltd.,MT4,3.0,UTC+3
cg-fintech-hk-limited,CG Fintech HK Limited,MT4,3.0,UTC+3
charleston-investments-ltd,Charleston Investments Ltd,MT4,3.0,UTC+3
charlgate-ltd,Charlgate Ltd,MT4,3.0,UTC+3
cheung-s-gold-traders-limited,Cheung's Gold Traders Limited,MT4,3.0,UTC+3
cliq-fx-limited,Cliq FX Limited,MT4,3.0,UTC+3
coinexx-ltd,Coinexx Ltd,MT4,3.0,UTC+3
cpt-markets-pty-ltd,CPT Markets (Pty) Ltd,MT4,3.0,UTC+3
cross-bridge-co-ltd,"Cross Bridge Co., Ltd.",MT4,3.0,UTC+3
cxm-group-sc-ltd,CXM Group (SC) Ltd,MT4,3.0,UTC+3
d-prime-vanuatu-limited,D Prime Vanuatu Limited,MT4,3.0,UTC+3
dbg-markets-limited,DBG Markets Limited,MT4,3.0,UTC+3
direct-transaction-markets-limited,Direct Transaction Markets Limited,MT5,3.0,UTC+3
dragon-leader-services-limited,Dragon Leader Services Limited,MT4,3.0,UTC+3
dtt-van-ltd,DTT VAN Ltd,MT4,3.0,UTC+3
e-global-trade-and-finance-group-inc,"E-Global Trade and Finance Group, Inc.",MT5,2.0,UTC+2
easymarkets,easyMarkets,MT5,0.0,UTC+0
ebc-financial-group-cayman-limited,EBC Financial Group (Cayman) Limited,MT5,3.0,UTC+3
edr-financial-limited,EDR Financial Limited,MT4,3.0,UTC+3
egmlabs-ltd,EGMLabs Ltd,MT4,3.0,UTC+3
elland-road-capital-pty-ltd,Elland Road Capital (Pty) Ltd,MT4,3.0,UTC+3
errante-securities-seychelles-limited,Errante Securities (Seychelles) Limited,MT4,3.0,UTC+3
esw-international-pte-ltd,ESW International Pte Ltd.,MT4,3.0,UTC+3
et-global-co-limited,"ET Global Co., Limited",MT4,3.0,UTC+3
exfor-limited,Exfor Limited,MT5,4.0,UTC+4
exispro-ltd,Exispro Ltd.,MT4,3.0,UTC+3
exness,Exness,MT5,0.0,UTC+0
far-east-precious-metal-hk-limited,Far East Precious Metal (HK) Limited,MT4,3.0,UTC+3
fastone-global-financial-markets-limited,FastOne Global Financial Markets Limited,MT5,1.0,UTC+1
fastone-markets-limited,Fastone Markets Limited,MT4,1.0,UTC+1
fbs,FBS,MT5,3.0,UTC+3
finalto-asia-pte-ltd,Finalto Asia Pte. Ltd.,MT4,0.0,UTC+0
financia-trader-llc,Financia Trader LLC,MT4,2.0,UTC+2
fintrix-markets-ltd,Fintrix Markets Ltd,MT4,3.0,UTC+3
firewood-global-ltd,Firewood Global Ltd.,MT4,0.0,UTC+0
first-prudential-markets-ltd,First Prudential Markets Ltd.,MT4,3.0,UTC+3
fmgp-trading-group-pty-ltd,FMGP Trading Group Pty Ltd,MT4,3.0,UTC+3
foo-global-markets-limited,Foo Global Markets Limited,MT4,3.0,UTC+3
forex-club-international-llc,Forex Club International LLC,MT4,3.0,UTC+3
forextime-ltd,ForexTime Ltd.,MT5,3.0,UTC+3
fortrade-limited,Fortrade Limited,MT4,0.0,UTC+0
fortune-prime-global-capital-pty-ltd,Fortune Prime Global Capital Pty Ltd,MT5,3.0,UTC+3
fp-markets,FP Markets,MT5,3.0,UTC+3
fpm-trading-ltd,FPM Trading Ltd.,MT4,3.0,UTC+3
freefx-llc,FreeFX LLC,MT4,3.0,UTC+3
freshforex,FreshForex,MT4,3.0,UTC+3
frng-limited,FRNG Limited,MT4,2.0,UTC+2
fs-international-limited,FS International Limited,MT4,3.0,UTC+3
ftg-worldwide-f-z-e,FTG Worldwide - F.Z.E,MT4,3.0,UTC+3
ftm-brokers-llc,FTM Brokers LLC,MT4,3.0,UTC+3
fx-central-clearing-ltd,FX Central Clearing Ltd.,MT4,3.0,UTC+3
fxbtg-financial-limited,FXBTG Financial Limited,MT4,3.0,UTC+3
fxcl-markets-ltd,FXCL Markets Ltd,MT4,3.0,UTC+3
fxcm-australia-pty-limited,FXCM Australia Pty. Limited,MT4,0.0,UTC+0
fxglobe-ltd,FXGlobe Ltd,MT4,3.0,UTC+3
fxoak-limited,FXOAK Limited,MT4,3.0,UTC+3
fxpro-markets-ltd,FxPro Markets Ltd.,MT4,3.0,UTC+3
gaitame-finest-company-limited,Gaitame Finest Company Limited,MT4,3.0,UTC+3
gci-financial-ltd,GCI Financial Ltd.,MT4,-3.0,UTC−3
gdfs-trade-international-pty-ltd,GDFS Trade International Pty Ltd,MT4,2.0,UTC+2
genius-trading-ltd,Genius Trading Ltd,MT4,3.0,UTC+3
global-holding-group-pty-ltd,Global Holding Group Pty Ltd.,MT4,3.0,UTC+3
global-trade-finance-group-inc,Global Trade Finance Group Inc.,MT4,3.0,UTC+3
glory-group-limited,Glory Group Limited,MT4,3.0,UTC+3
goldenway-japan-co-ltd,"Goldenway Japan Co., Ltd.",MT4,3.0,UTC+3
goodwill-gold-group-hong-kong-limited,Goodwill Gold Group (Hong Kong) Limited,MT4,2.0,UTC+2
grand-markets-limited,Grand Markets Limited,MT4,3.0,UTC+3
gtc-global-sa-pty-ltd,GTC Global SA (Pty) Ltd,MT4,3.0,UTC+3
guo-sheng-gold-limited,Guo Sheng Gold Limited,MT4,3.0,UTC+3
hantec-markets-holdings-limited,Hantec Markets Holdings Limited,MT4,3.0,UTC+3
hfm,HFM,MT4,3.0,UTC+3
hogg-capital-investments-limited,Hogg Capital Investments Limited,MT4,3.0,UTC+3
honor-capital-markets-limited,Honor Capital Markets Limited,MT5,4.0,UTC+4
hycm-capital-markets-uk-limited,HYCM Capital Markets (UK) Limited,MT4,0.0,UTC+0
ic-funded-evaluations-ltd,IC Funded Evaluations Ltd.,MT5,3.0,UTC+3
ic-markets,IC Markets,MT5,3.0,UTC+3
icm-capital-llc,ICM Capital LLC,MT4,1.0,UTC+1
icm-capital-ltd,ICM Capital Ltd.,MT5,1.0,UTC+1
icon-tech-pty-ltd,Icon Tech Pty Ltd,MT4,3.0,UTC+3
iexs-llc,IEXS LLC,MT4,3.0,UTC+3
ifcmarkets-corp,IFCMarkets. Corp.,MT4,2.0,UTC+2
ingot-global-ltd,INGOT Global Ltd.,MT4,3.0,UTC+3
instafinance-ltd,InstaFinance Ltd,MT4,3.0,UTC+3
instaforex,InstaForex,MT4,3.0,UTC+3
international-capital-markets-pty-ltd,International Capital Markets Pty Ltd.,MT4,3.0,UTC+3
invest-az-yatirim-menkul-degerler-a-s,INVEST-AZ Yatirim Menkul Degerler A.S.,MT4,3.0,UTC+3
ironfx,IronFX,MT4,3.0,UTC+3
is6-technologies-ltd,IS6 Technologies Ltd,MT4,3.0,UTC+3
itradetec-s-a-r-l,iTradeTec S.A.R.L,MT4,3.0,UTC+3
iux-markets-limited,IUX Markets Limited,MT5,1.0,UTC+1
j-and-m-global-company-group-limited,J and M Global Company Group Limited,MT4,2.0,UTC+2
jdr-securities-limited,JDR Securities Limited,MT4,3.0,UTC+3
jmi-brokers-ltd,JMI Brokers Ltd,MT4,3.0,UTC+3
key-to-securities-pty-ltd,Key to Securities (Pty) Ltd,MT4,3.0,UTC+3
kj-glovice-vc-llc,KJ Glovice VC LLC,MT4,3.0,UTC+3
kohle-capital-markets-limited,Kohle Capital Markets Limited,MT4,3.0,UTC+3
kumo-markets-limited,Kumo Markets Limited,MT4,3.0,UTC+3
limited-liability-company-finam-forex,Limited Liability Company ''FINAM FOREX'',MT4,3.0,UTC+3
litefinance-investment-limited,Litefinance Investment Limited,MT4,3.0,UTC+3
lmax-broker-europe-limited,LMAX Broker Europe Limited,MT4,1.0,UTC+1
ltg-gold-rock-limited,LTG Gold Rock Limited,MT4,2.0,UTC+2
marigold-international-bullion-dealers-limited,Marigold International Bullion Dealers Limited,MT4,1.0,UTC+1
maximus-global-limited,Maximus Global Limited,MT4,3.0,UTC+3
mbank-s-a,mBank S.A.,MT4,2.0,UTC+2
metaquotes-software-corp,MetaQuotes Software Corp.,MT5,3.0,UTC+3
mex-global-markets-pte-ltd,MEX Global Markets Pte. Ltd.,MT4,3.0,UTC+3
mfm-group-limited,MFM Group Limited,MT4,2.0,UTC+2
midas-fx-ltd,Midas Fx Ltd.,MT4,3.0,UTC+3
mpf-global-markets-limited,MPF Global Markets Limited,MT4,3.0,UTC+3
multibank,MultiBank,MT5,3.0,UTC+3
nagm-v-limited,NAGM (V) Limited,MT4,0.0,UTC+0
nanhua-singapore-pte-ltd,Nanhua Singapore Pte. Ltd.,MT4,3.0,UTC+3
nm-technologies-hk-limited,NM Technologies HK Limited,MT4,0.0,UTC+0
nordfx,NordFX,MT4,3.0,UTC+3
oanda-corporation,OANDA Corporation,MT5,3.0,UTC+3
octafx,OctaFX,MT5,3.0,UTC+3
orbex-global-ltd,Orbex Global Ltd,MT4,3.0,UTC+3
oversea-capital-markets-limited,Oversea Capital Markets Limited,MT4,3.0,UTC+3
pacific-financial-derivatives-ltd,Pacific Financial Derivatives Ltd.,MT4,3.0,UTC+3
pakistan-mercantile-exchange-limited,Pakistan Mercantile Exchange Limited,MT5,5.0,UTC+5
pcm-international-limited,PCM International Limited,MT4,2.0,UTC+2
performance-ronnaru-capital-ltd,Performance Ronnaru Capital Ltd.,MT4,2.0,UTC+2
pi-markets-limited,PI Markets Limited,MT4,0.0,UTC+0
plexy-trade-ltd,Plexy Trade Ltd.,MT4,3.0,UTC+3
plotio-bullion-limited,PLOTIO BULLION LIMITED,MT4,8.0,UTC+8
po-tai-bullion-hong-kong-limited,Po Tai Bullion (Hong Kong) Limited,MT4,2.0,UTC+2
po-trade-ltd,Po Trade Ltd.,MT4,2.0,UTC+2
primetime-global-markets-limited,PrimeTime Global Markets Limited,MT4,3.0,UTC+3
profit-market-hk-limited,Profit Market HK Limited,MT4,8.0,UTC+8
prolio-consulting-service-limited,Prolio Consulting Service Limited,MT4,3.0,UTC+3
prometheus,Prometheus,MT5,3.0,UTC+3
pt-arta-mas-futures,PT. Arta Mas Futures,MT4,3.0,UTC+3
pt-bursa-komoditi-dan-derivatif-indonesia,PT Bursa Komoditi Dan Derivatif Indonesia,MT5,7.0,UTC+7
pt-century-investment-futures,PT. Century Investment Futures,MT4,2.0,UTC+2
pt-cyber-futures,PT. Cyber Futures,MT4,2.0,UTC+2
pt-esandar-arthamas-berjangka,PT. Esandar Arthamas Berjangka,MT4,3.0,UTC+3
pt-first-state-futures,PT First State Futures,MT4,3.0,UTC+3
pt-gatra-mega-berjangka,PT. Gatra Mega Berjangka,MT4,3.0,UTC+3
pusula-yat-r-m-menkul-de-erler-a-s,PUSULA Yatırım Menkul Değerler A.S.,MT5,3.0,UTC+3
rakuten-securities-inc,"Rakuten Securities, Inc.",MT4,3.0,UTC+3
rallyville-markets-global-limited,Rallyville Markets Global Limited,MT4,3.0,UTC+3
rich-gold-group-limited,Rich Gold Group Limited,MT4,3.0,UTC+3
salma-markets-llc,Salma Markets LLC,MT4,3.0,UTC+3
scope-markets-global-ltd,Scope Markets Global Ltd,MT4,3.0,UTC+3
seven-star-holdings-limited,Seven Star Holdings Limited,MT4,3.0,UTC+3
seven-wonders-international-limited,Seven Wonders International Limited,MT4,2.0,UTC+2
shift-markets-group-inc,Shift Markets Group Inc.,MT5,3.0,UTC+3
sibilit-limited,Sibilit Limited,MT4,3.0,UTC+3
sikhula-venture-capital-pty-ltd,Sikhula Venture Capital (Pty) Ltd,MT5,3.0,UTC+3
sino-sound-holdings-limited,Sino Sound Holdings Limited,MT4,8.0,UTC+8
sky-alliance-markets-limited,Sky Alliance Markets Limited,MT4,3.0,UTC+3
star-bridge-capital-group-pty-ltd,Star Bridge Capital Group (Pty) Ltd,MT5,3.0,UTC+3
startrader-limited,STARTRADER Limited,MT4,3.0,UTC+3
streamcapital-group-ltd,StreamCapital Group Ltd.,MT4,3.0,UTC+3
tacirler-yatirim-menkul-degerler-a-s,Tacirler Yatirim Menkul Degerler A.S.,MT4,3.0,UTC+3
td-markets-pty-ltd,TD Markets (Pty) Ltd,MT4,3.0,UTC+3
tela-group-limited,Tela Group Limited,MT4,1.0,UTC+1
teletrade-d-j-llc,Teletrade D.J. LLC,MT4,2.0,UTC+2
tenko-systems-limited,Tenko Systems Limited,MT4,3.0,UTC+3
tfi-markets-ltd,TFI Markets Ltd,MT4,3.0,UTC+3
thinkmarkets,ThinkMarkets,MT5,3.0,UTC+3
thunder-markets-ltd,Thunder Markets Ltd,MT4,3.0,UTC+3
tickmill,Tickmill,MT5,3.0,UTC+3
titan-fx-limited,Titan FX Limited,MT4,3.0,UTC+3
tnfx-ltd,TNFX Ltd.,MT4,2.0,UTC+2
trade-nation-australia-pty-ltd,Trade Nation Australia Pty Ltd,MT4,1.0,UTC+1
tradequomarkets-ltd,TradeQuoMarkets Ltd.,MT4,3.0,UTC+3
tradeview-europe-ltd,Tradeview Europe Ltd,MT4,3.0,UTC+3
tradeview-ltd,"Tradeview, Ltd.",MT4,3.0,UTC+3
tw-corp,TW Corp.,MT4,3.0,UTC+3
unicapital-investment-company-ojsc,Unicapital Investment Company OJSC,MT4,2.0,UTC+2
uob-kay-hian-private-limited,UOB Kay Hian Private Limited,MT4,2.0,UTC+2
usk-markets-group-ltd,USK Markets Group Ltd,MT4,1.0,UTC+1
utrada-technologies-limited,Utrada Technologies Limited,MT4,3.0,UTC+3
v-o-g-bullion-and-gold-l-l-c,V O G Bullion and Gold L.L.C,MT5,1.0,UTC+1
vaha-financial-services-ltd,Vaha Financial Services Ltd.,MT4,3.0,UTC+3
vakif-yatirim-menkul-degerler-a-s,Vakif Yatirim Menkul Degerler A.S.,MT4,3.0,UTC+3
valetax-international-limited,Valetax International Limited,MT4,3.0,UTC+3
valutrades-limited,Valutrades Limited,MT4,3.0,UTC+3
vantage,Vantage,MT5,3.0,UTC+3
vatee-pty-limited,Vatee Pty Limited,MT4,3.0,UTC+3
venbey-yatirim-menkul-degerler-a-s,Venbey Yatirim Menkul Degerler A.S.,MT4,3.0,UTC+3
vida-markets-limited,Vida Markets Limited,MT4,3.0,UTC+3
weltrade,Weltrade,MT4,3.0,UTC+3
westfield-premier-solutions-limited,Westfield Premier Solutions Limited,MT4,1.0,UTC+1
wisuno-limited,Wisuno Limited,MT4,3.0,UTC+3
world-forex-corp,World Forex Corp.,MT4,3.0,UTC+3
xm,XM,MT5,3.0,UTC+3
xs-fintech-ltd,XS Fintech Ltd,MT4,3.0,UTC+3
ycm-invest-ltd,YCM-Invest Ltd,MT4,0.0,UTC+0
zero-financial-limited,Zero Financial Limited,MT4,3.0,UTC+3
